,Source,open_time,open,high,low,close,volume
0,BTCUSDT-1d-2023-04.csv,1680310000000.0,28460.1,28815.32,28218.91,28452.75,913.66801
1,BTCUSDT-1d-2023-04.csv,1680390000000.0,28449.0,28530.76,27854.49,28176.4,1189.9971
2,BTCUSDT-1d-2023-04.csv,1680480000000.0,28177.46,28500.29,27265.0,27806.67,3575.72719
3,BTCUSDT-1d-2023-04.csv,1680570000000.0,27793.56,28440.3,27654.08,28164.56,2375.33862
4,BTCUSDT-1d-2023-04.csv,1680650000000.0,28157.88,28770.27,27828.89,28166.68,2440.36142
5,BTCUSDT-1d-2023-04.csv,1680740000000.0,28166.68,28185.68,27711.66,28031.19,1433.80828
6,BTCUSDT-1d-2023-04.csv,1680830000000.0,28033.82,28104.6,27763.3,27901.7,822.73371
7,BTCUSDT-1d-2023-04.csv,1680910000000.0,27901.59,28156.05,27854.98,27941.17,376.18819
8,BTCUSDT-1d-2023-04.csv,1681000000000.0,27935.62,28531.54,27797.43,28324.72,854.09292
9,BTCUSDT-1d-2023-04.csv,1681080000000.0,28324.4,29769.78,28159.33,29642.28,1858.429484
10,BTCUSDT-1d-2023-04.csv,1681170000000.0,29636.58,30560.6,29589.23,30196.78,2445.705852
11,BTCUSDT-1d-2023-04.csv,1681260000000.0,30196.78,30482.07,29650.0,29891.39,2395.59523
12,BTCUSDT-1d-2023-04.csv,1681340000000.0,29891.39,30583.58,29851.17,30376.49,2115.014824
13,BTCUSDT-1d-2023-04.csv,1681430000000.0,30378.69,31015.88,29966.04,30461.9,3084.714799
14,BTCUSDT-1d-2023-04.csv,1681520000000.0,30466.38,30596.82,30199.57,30293.1,862.57072
15,BTCUSDT-1d-2023-04.csv,1681600000000.0,30296.76,30547.63,30118.55,30301.91,1069.92307
16,BTCUSDT-1d-2023-04.csv,1681690000000.0,30300.78,30322.57,29240.22,29429.64,2358.13101
17,BTCUSDT-1d-2023-04.csv,1681780000000.0,29429.64,30486.46,29095.3,30381.36,3380.29609
18,BTCUSDT-1d-2023-04.csv,1681860000000.0,30382.2,30409.62,28574.5,28798.07,4498.91245
19,BTCUSDT-1d-2023-04.csv,1681950000000.0,28796.0,29083.99,27999.36,28240.95,3391.78918
20,BTCUSDT-1d-2023-04.csv,1682040000000.0,28240.95,28370.56,27136.94,27263.02,3530.68713
21,BTCUSDT-1d-2023-04.csv,1682120000000.0,27259.36,27881.46,27144.51,27818.2,1630.99713
22,BTCUSDT-1d-2023-04.csv,1682210000000.0,27813.95,27819.65,27333.08,27588.59,1748.96198
23,BTCUSDT-1d-2023-04.csv,1682290000000.0,27587.87,27998.15,26962.3,27512.82,3403.33245
24,BTCUSDT-1d-2023-04.csv,1682380000000.0,27512.18,28391.62,27191.21,28296.98,2977.17603
25,BTCUSDT-1d-2023-04.csv,1682470000000.0,28303.19,30030.41,27249.0,28418.62,6455.58602
26,BTCUSDT-1d-2023-04.csv,1682550000000.0,28419.14,29896.44,28377.78,29475.32,3965.41484
27,BTCUSDT-1d-2023-04.csv,1682640000000.0,29476.82,29593.39,28885.61,29312.93,1854.90346
28,BTCUSDT-1d-2023-04.csv,1682730000000.0,29317.65,29444.4,29038.97,29228.32,569.11839
29,BTCUSDT-1d-2023-04.csv,1682810000000.0,29228.38,29962.87,29088.14,29224.89,1295.21726
30,BTCUSDT-1d-2023-05.csv,1682900000000.0,29237.64,29334.06,27667.89,28073.3,2107.08053
31,BTCUSDT-1d-2023-05.csv,1682990000000.0,28068.26,28881.04,27869.8,28671.76,1585.44208
32,BTCUSDT-1d-2023-05.csv,1683070000000.0,28669.63,29266.83,28120.0,29030.86,2945.05292
33,BTCUSDT-1d-2023-05.csv,1683160000000.0,29030.55,29381.71,28663.22,28838.07,1434.38754
34,BTCUSDT-1d-2023-05.csv,1683240000000.0,28847.85,29678.6,28804.94,29504.4,1956.51079
35,BTCUSDT-1d-2023-05.csv,1683330000000.0,29505.43,29831.41,28333.15,28846.33,1278.7991
36,BTCUSDT-1d-2023-05.csv,1683420000000.0,28846.33,29133.92,28398.29,28426.29,895.69981
37,BTCUSDT-1d-2023-05.csv,1683500000000.0,28434.44,28631.55,27264.83,27669.62,2380.08777
38,BTCUSDT-1d-2023-05.csv,1683590000000.0,27658.38,27821.31,27351.56,27623.4,540.5754
39,BTCUSDT-1d-2023-05.csv,1683680000000.0,27632.61,28316.76,26839.91,27599.6,641.37046
40,BTCUSDT-1d-2023-05.csv,1683760000000.0,27592.89,27624.39,26713.98,26972.18,448.66664
41,BTCUSDT-1d-2023-05.csv,1683850000000.0,26972.63,27083.96,25816.67,26790.85,635.89815
42,BTCUSDT-1d-2023-05.csv,1683940000000.0,26801.54,27038.75,26688.04,26779.72,239.0358
43,BTCUSDT-1d-2023-05.csv,1684020000000.0,26769.29,27200.0,26575.51,26914.59,336.79274
44,BTCUSDT-1d-2023-05.csv,1684110000000.0,26917.28,27660.54,26734.85,27164.79,644.40195
45,BTCUSDT-1d-2023-05.csv,1684200000000.0,27158.37,27294.73,26841.8,27035.73,429.9884
46,BTCUSDT-1d-2023-05.csv,1684280000000.0,27035.73,27496.07,26546.47,27405.87,721.83
47,BTCUSDT-1d-2023-05.csv,1684370000000.0,27407.94,27484.31,26328.2,26820.9,698.56373
48,BTCUSDT-1d-2023-05.csv,1684450000000.0,26822.07,27173.0,26639.22,26880.33,373.31201
49,BTCUSDT-1d-2023-05.csv,1684540000000.0,26885.35,27156.6,26824.96,27100.7,148.42648
50,BTCUSDT-1d-2023-05.csv,1684630000000.0,27106.16,27275.06,26670.33,26746.96,334.04825
51,BTCUSDT-1d-2023-05.csv,1684710000000.0,26740.5,27092.02,26539.18,26853.73,833.0665
52,BTCUSDT-1d-2023-05.csv,1684800000000.0,26847.43,27493.33,26800.0,27224.87,1027.44256
53,BTCUSDT-1d-2023-05.csv,1684890000000.0,27223.34,27223.34,26080.19,26331.72,989.83037
54,BTCUSDT-1d-2023-05.csv,1684970000000.0,26321.61,26621.37,25873.88,26473.26,754.58955
55,BTCUSDT-1d-2023-05.csv,1685060000000.0,26479.19,26933.45,26328.31,26701.03,515.97944
56,BTCUSDT-1d-2023-05.csv,1685150000000.0,26707.46,26888.0,26555.0,26855.5,242.07005
57,BTCUSDT-1d-2023-05.csv,1685230000000.0,26857.06,28256.38,26768.59,28063.46,585.09302
58,BTCUSDT-1d-2023-05.csv,1685320000000.0,28069.22,28444.71,27526.32,27738.83,811.60832
59,BTCUSDT-1d-2023-05.csv,1685400000000.0,27737.94,28041.41,27556.7,27696.3,715.64459
60,BTCUSDT-1d-2023-05.csv,1685490000000.0,27688.81,27834.35,26832.67,27213.15,899.40734
61,BTCUSDT-1d-2023-06.csv,1685580000000.0,27213.15,27347.62,26611.33,26815.41,682.48871
62,BTCUSDT-1d-2023-06.csv,1685660000000.0,26812.5,27298.4,26500.0,27241.48,583.12988
63,BTCUSDT-1d-2023-06.csv,1685750000000.0,27245.09,27325.93,26913.43,27068.35,246.40205
64,BTCUSDT-1d-2023-06.csv,1685840000000.0,27068.35,27454.7,26952.6,27124.27,283.16666
65,BTCUSDT-1d-2023-06.csv,1685920000000.0,27107.75,27133.99,25395.44,25725.97,836.83073
66,BTCUSDT-1d-2023-06.csv,1686010000000.0,25733.56,27274.2,25355.82,27235.2,800.25667
67,BTCUSDT-1d-2023-06.csv,1686100000000.0,27240.65,27363.71,26270.41,26344.3,371.26585
68,BTCUSDT-1d-2023-06.csv,1686180000000.0,26344.5,26793.17,26246.4,26525.73,137.95613
69,BTCUSDT-1d-2023-06.csv,1686270000000.0,26525.71,26762.26,26305.9,26504.97,251.90923
70,BTCUSDT-1d-2023-06.csv,1686360000000.0,26505.11,26544.0,25551.4,25849.51,253.88218
71,BTCUSDT-1d-2023-06.csv,1686440000000.0,25842.28,26192.22,25689.58,25919.52,154.07575
72,BTCUSDT-1d-2023-06.csv,1686530000000.0,25933.43,26081.0,25675.0,25925.43,193.8055
73,BTCUSDT-1d-2023-06.csv,1686610000000.0,25925.43,26356.07,25738.31,25924.41,186.40563
74,BTCUSDT-1d-2023-06.csv,1686700000000.0,25925.46,26098.35,25019.04,25124.36,234.26558
75,BTCUSDT-1d-2023-06.csv,1686790000000.0,25132.59,25722.99,24817.35,25595.96,217.78144
76,BTCUSDT-1d-2023-06.csv,1686870000000.0,25605.96,26452.16,25289.67,26354.99,186.12735
77,BTCUSDT-1d-2023-06.csv,1686960000000.0,26354.98,26763.68,26078.69,26537.1,99.41706
78,BTCUSDT-1d-2023-06.csv,1687050000000.0,26515.99,26707.24,26296.39,26349.44,95.2113
79,BTCUSDT-1d-2023-06.csv,1687130000000.0,26349.44,26995.37,26272.97,26832.67,109.95144
80,BTCUSDT-1d-2023-06.csv,1687220000000.0,26824.1,28419.28,26628.01,28316.76,310.47523
81,BTCUSDT-1d-2023-06.csv,1687310000000.0,28322.72,138070.0,28259.32,30009.46,518.0493
82,BTCUSDT-1d-2023-06.csv,1687390000000.0,30009.0,30533.01,29800.0,29922.22,292.202
83,BTCUSDT-1d-2023-06.csv,1687480000000.0,29907.0,31392.15,29850.0,30660.0,287.12504
84,BTCUSDT-1d-2023-06.csv,1687560000000.0,30671.38,30841.7,30290.19,30527.01,111.16373
85,BTCUSDT-1d-2023-06.csv,1687650000000.0,30540.7,30994.44,30344.0,30470.93,135.44209
86,BTCUSDT-1d-2023-06.csv,1687740000000.0,30449.56,30660.2,29944.0,30275.0,130.72946
87,BTCUSDT-1d-2023-06.csv,1687820000000.0,30275.0,30974.22,30234.53,30707.77,137.63916
88,BTCUSDT-1d-2023-06.csv,1687910000000.0,30688.0,30715.84,29890.0,30098.93,186.45661
89,BTCUSDT-1d-2023-06.csv,1688000000000.0,30081.95,30818.0,30043.0,30430.01,240.3208
90,BTCUSDT-1d-2023-06.csv,1688080000000.0,30430.01,31239.69,30034.0,30476.8,373.70658
91,BTCUSDT-1d-2023-07.csv,1688170000000.0,30476.83,30656.4,30338.23,30604.99,104.99358
92,BTCUSDT-1d-2023-07.csv,1688260000000.0,30604.97,30777.01,30300.0,30625.0,121.66079
93,BTCUSDT-1d-2023-07.csv,1688340000000.0,30626.45,31375.14,30576.02,31160.0,164.70626
94,BTCUSDT-1d-2023-07.csv,1688430000000.0,31161.68,31338.99,30642.28,30780.94,125.17742
95,BTCUSDT-1d-2023-07.csv,1688520000000.0,30775.0,30860.03,30203.84,30514.97,130.42412
96,BTCUSDT-1d-2023-07.csv,1688600000000.0,30504.99,31380.0,29800.5,29895.19,342.12422
97,BTCUSDT-1d-2023-07.csv,1688690000000.0,29913.57,30446.25,29712.21,30360.58,206.35585
98,BTCUSDT-1d-2023-07.csv,1688770000000.0,30361.35,30400.82,30072.7,30280.01,138.85526
99,BTCUSDT-1d-2023-07.csv,1688860000000.0,30293.97,30438.56,30088.13,30194.99,98.20702
100,BTCUSDT-1d-2023-07.csv,1688950000000.0,30194.99,31030.52,30000.0,30435.98,233.90207
101,BTCUSDT-1d-2023-07.csv,1689030000000.0,30432.99,30795.03,30379.59,30626.01,139.31124
102,BTCUSDT-1d-2023-07.csv,1689120000000.0,30619.88,30955.77,30220.32,30365.0,201.248
103,BTCUSDT-1d-2023-07.csv,1689210000000.0,30369.0,32000.0,30267.71,31454.17,404.61645
104,BTCUSDT-1d-2023-07.csv,1689290000000.0,31449.99,31526.12,29955.43,30313.0,385.41818
105,BTCUSDT-1d-2023-07.csv,1689380000000.0,30313.0,30375.74,30237.0,30288.46,79.04124
106,BTCUSDT-1d-2023-07.csv,1689470000000.0,30294.99,30432.33,30069.13,30225.15,123.73596
107,BTCUSDT-1d-2023-07.csv,1689550000000.0,30236.18,30330.38,29667.69,30154.58,223.9924
108,BTCUSDT-1d-2023-07.csv,1689640000000.0,30154.57,30225.0,29689.0,29864.32,205.57209
109,BTCUSDT-1d-2023-07.csv,1689720000000.0,29876.36,30172.82,29765.84,29925.02,177.27548
110,BTCUSDT-1d-2023-07.csv,1689810000000.0,29944.72,30414.4,29566.71,29809.99,248.87074
111,BTCUSDT-1d-2023-07.csv,1689900000000.0,29809.99,30052.74,29730.0,29899.99,134.00071
112,BTCUSDT-1d-2023-07.csv,1689980000000.0,29899.99,29985.79,29680.0,29785.02,80.28221
113,BTCUSDT-1d-2023-07.csv,1690070000000.0,29798.25,30330.0,29745.01,30079.91,150.46982
114,BTCUSDT-1d-2023-07.csv,1690160000000.0,30079.91,30101.56,28865.83,29175.51,268.99459
115,BTCUSDT-1d-2023-07.csv,1690240000000.0,29189.43,29373.78,29050.05,29215.05,96.05095
116,BTCUSDT-1d-2023-07.csv,1690330000000.0,29229.96,29636.38,29100.0,29352.35,212.83988
117,BTCUSDT-1d-2023-07.csv,1690420000000.0,29354.04,29580.15,29085.44,29220.01,114.03322
118,BTCUSDT-1d-2023-07.csv,1690500000000.0,29234.69,29535.0,29120.0,29310.22,85.97708
119,BTCUSDT-1d-2023-07.csv,1690590000000.0,29324.85,29411.42,29254.66,29345.0,51.74605
120,BTCUSDT-1d-2023-07.csv,1690680000000.0,29347.23,29434.09,29045.16,29290.11,83.47218
121,BTCUSDT-1d-2023-07.csv,1690760000000.0,29280.01,29500.0,29110.37,29227.24,125.57218
122,BTCUSDT-1d-2023-08.csv,1690850000000.0,29238.43,29600.0,28589.26,29600.0,263.82671
123,BTCUSDT-1d-2023-08.csv,1690930000000.0,29600.0,30028.43,28916.79,29185.0,283.23607
124,BTCUSDT-1d-2023-08.csv,1691020000000.0,29185.0,29432.06,28968.2,29194.99,160.8989
125,BTCUSDT-1d-2023-08.csv,1691110000000.0,29186.28,29329.03,28969.74,29119.99,128.25689
126,BTCUSDT-1d-2023-08.csv,1691190000000.0,29119.98,29185.5,28985.71,29065.97,69.35806
127,BTCUSDT-1d-2023-08.csv,1691280000000.0,29065.02,29198.7,29000.16,29091.77,96.32926
128,BTCUSDT-1d-2023-08.csv,1691370000000.0,29092.01,29263.74,28705.0,29200.01,155.12143
129,BTCUSDT-1d-2023-08.csv,1691450000000.0,29205.0,30120.0,29142.3,29774.97,274.69808
130,BTCUSDT-1d-2023-08.csv,1691540000000.0,29774.99,30120.0,29391.94,29575.01,177.6591
131,BTCUSDT-1d-2023-08.csv,1691630000000.0,29575.01,29730.0,29341.32,29454.17,159.47785
132,BTCUSDT-1d-2023-08.csv,1691710000000.0,29454.17,29560.0,29250.0,29427.14,201.05367
133,BTCUSDT-1d-2023-08.csv,1691800000000.0,29427.13,29480.6,29381.84,29424.99,107.37273
134,BTCUSDT-1d-2023-08.csv,1691880000000.0,29415.06,29467.0,29280.01,29311.08,87.20888
135,BTCUSDT-1d-2023-08.csv,1691970000000.0,29301.21,29694.67,29121.97,29432.1,169.25687
136,BTCUSDT-1d-2023-08.csv,1692060000000.0,29432.1,29493.2,29015.3,29190.12,106.07506
137,BTCUSDT-1d-2023-08.csv,1692140000000.0,29187.21,29261.5,28720.69,28734.96,193.24183
138,BTCUSDT-1d-2023-08.csv,1692230000000.0,28734.96,28780.0,26350.0,26630.0,445.99517
139,BTCUSDT-1d-2023-08.csv,1692320000000.0,26625.0,26823.25,25619.9,26060.19,327.77939
140,BTCUSDT-1d-2023-08.csv,1692400000000.0,26059.99,26265.84,25815.0,26106.91,108.76234
141,BTCUSDT-1d-2023-08.csv,1692490000000.0,26106.9,26286.03,25992.52,26186.42,96.81339
142,BTCUSDT-1d-2023-08.csv,1692580000000.0,26194.4,26250.0,25809.39,26122.59,110.56406
143,BTCUSDT-1d-2023-08.csv,1692660000000.0,26133.76,26139.99,25363.16,26054.99,164.89006
144,BTCUSDT-1d-2023-08.csv,1692750000000.0,26059.99,26815.0,25815.61,26449.68,251.58855
145,BTCUSDT-1d-2023-08.csv,1692840000000.0,26449.68,26579.62,25886.7,26175.01,134.73212
146,BTCUSDT-1d-2023-08.csv,1692920000000.0,26181.05,26299.99,25790.0,26064.1,196.37414
147,BTCUSDT-1d-2023-08.csv,1693010000000.0,26064.1,26119.12,25990.38,26013.79,35.33642
148,BTCUSDT-1d-2023-08.csv,1693090000000.0,26015.04,26179.37,25950.0,26098.81,91.37392
149,BTCUSDT-1d-2023-08.csv,1693180000000.0,26108.53,26253.33,25875.0,26128.11,167.82147
150,BTCUSDT-1d-2023-08.csv,1693270000000.0,26127.11,28135.98,25920.52,27723.71,427.89303
151,BTCUSDT-1d-2023-08.csv,1693350000000.0,27724.96,27767.89,27049.81,27295.85,235.22555
152,BTCUSDT-1d-2023-08.csv,1693440000000.0,27298.58,27550.15,25715.51,25949.97,299.19292
153,BTCUSDT-1d-2023-09.csv,1693530000000.0,25949.97,26153.89,25355.12,25814.53,234.55928
154,BTCUSDT-1d-2023-09.csv,1693610000000.0,25814.52,25974.79,25746.8,25865.0,72.48573
155,BTCUSDT-1d-2023-09.csv,1693700000000.0,25864.99,26119.05,25819.46,25979.99,140.10935
156,BTCUSDT-1d-2023-09.csv,1693790000000.0,25979.99,26099.47,25641.14,25829.98,136.2552
157,BTCUSDT-1d-2023-09.csv,1693870000000.0,25827.68,25895.95,25578.56,25780.4,108.31735
158,BTCUSDT-1d-2023-09.csv,1693960000000.0,25784.75,26032.91,25373.4,25764.99,162.75791
159,BTCUSDT-1d-2023-09.csv,1694040000000.0,25764.99,26445.78,25620.0,26253.88,158.85946
160,BTCUSDT-1d-2023-09.csv,1694130000000.0,26253.88,26429.26,25689.9,25912.99,109.6969
161,BTCUSDT-1d-2023-09.csv,1694220000000.0,25905.05,25942.94,25806.0,25907.4,61.87145
162,BTCUSDT-1d-2023-09.csv,1694300000000.0,25903.2,26000.0,25591.08,25837.78,115.26437
163,BTCUSDT-1d-2023-09.csv,1694390000000.0,25837.78,25891.46,24900.0,25164.13,273.08039
164,BTCUSDT-1d-2023-09.csv,1694480000000.0,25157.25,26440.0,25129.38,25840.19,286.7064
165,BTCUSDT-1d-2023-09.csv,1694560000000.0,25840.2,26404.02,25781.11,26215.57,189.91369
166,BTCUSDT-1d-2023-09.csv,1694650000000.0,26224.27,26814.86,26146.2,26521.8,245.60104
167,BTCUSDT-1d-2023-09.csv,1694740000000.0,26536.1,26879.8,26223.75,26603.66,181.06799
168,BTCUSDT-1d-2023-09.csv,1694820000000.0,26599.99,26772.74,26451.15,26564.87,115.57404
169,BTCUSDT-1d-2023-09.csv,1694910000000.0,26564.87,26619.58,26385.94,26525.01,86.33486
170,BTCUSDT-1d-2023-09.csv,1695000000000.0,26525.01,27411.97,26400.0,26756.08,291.42457
171,BTCUSDT-1d-2023-09.csv,1695080000000.0,26764.99,27483.06,26660.01,27212.67,250.90933
172,BTCUSDT-1d-2023-09.csv,1695170000000.0,27212.69,27387.41,26857.59,27134.94,208.20494
173,BTCUSDT-1d-2023-09.csv,1695250000000.0,27121.69,27152.52,26342.0,26566.44,229.63043
174,BTCUSDT-1d-2023-09.csv,1695340000000.0,26573.55,26720.0,26491.73,26579.73,124.6593
175,BTCUSDT-1d-2023-09.csv,1695430000000.0,26582.0,26632.83,26508.65,26580.03,57.47507
176,BTCUSDT-1d-2023-09.csv,1695510000000.0,26584.99,26733.07,26170.88,26243.85,103.37993
177,BTCUSDT-1d-2023-09.csv,1695600000000.0,26249.99,26439.49,26002.79,26300.0,168.70237
178,BTCUSDT-1d-2023-09.csv,1695690000000.0,26300.0,26407.33,26095.0,26211.63,118.01781
179,BTCUSDT-1d-2023-09.csv,1695770000000.0,26219.86,26841.47,26111.78,26373.99,235.94715
180,BTCUSDT-1d-2023-09.csv,1695860000000.0,26373.99,27294.6,26340.0,27023.99,284.86239
181,BTCUSDT-1d-2023-09.csv,1695950000000.0,27023.98,27226.01,26600.0,26909.86,194.77297
182,BTCUSDT-1d-2023-09.csv,1696030000000.0,26902.97,27100.0,26886.09,26960.01,92.61436
183,BTCUSDT-1d-2023-10.csv,1696120000000.0,26960.0,28024.0,26956.0,27994.99,182.15753
184,BTCUSDT-1d-2023-10.csv,1696200000000.0,27994.99,28485.97,27290.8,27544.99,305.42682
185,BTCUSDT-1d-2023-10.csv,1696290000000.0,27538.64,27673.49,27158.39,27420.0,202.03119
186,BTCUSDT-1d-2023-10.csv,1696380000000.0,27420.99,27835.19,27246.0,27790.15,187.67526
187,BTCUSDT-1d-2023-10.csv,1696460000000.0,27789.66,28138.1,27350.0,27419.92,196.41966
188,BTCUSDT-1d-2023-10.csv,1696550000000.0,27410.02,28127.18,27069.93,27935.03,225.39403
189,BTCUSDT-1d-2023-10.csv,1696640000000.0,27936.0,27975.14,27843.65,27952.0,69.06262
190,BTCUSDT-1d-2023-10.csv,1696720000000.0,27952.0,28090.0,27689.99,27920.0,106.82616
191,BTCUSDT-1d-2023-10.csv,1696810000000.0,27915.01,27984.99,27250.0,27584.59,168.02213
192,BTCUSDT-1d-2023-10.csv,1696900000000.0,27579.67,27700.0,27297.92,27418.69,128.99393
193,BTCUSDT-1d-2023-10.csv,1696980000000.0,27418.69,27477.99,26542.08,26879.99,208.7874
194,BTCUSDT-1d-2023-10.csv,1697070000000.0,26879.99,26946.79,26555.82,26764.31,114.60949
195,BTCUSDT-1d-2023-10.csv,1697160000000.0,26765.0,27147.4,26689.1,26859.53,134.54676
196,BTCUSDT-1d-2023-10.csv,1697240000000.0,26866.14,26986.72,26793.53,26858.31,59.97108
197,BTCUSDT-1d-2023-10.csv,1697330000000.0,26858.1,27250.0,26815.02,27135.01,87.94757
198,BTCUSDT-1d-2023-10.csv,1697410000000.0,27141.12,28803.36,27087.8,28466.74,295.79009
199,BTCUSDT-1d-2023-10.csv,1697500000000.0,28466.63,28579.81,28064.1,28403.58,186.50895
200,BTCUSDT-1d-2023-10.csv,1697590000000.0,28403.38,28941.84,28140.0,28318.99,182.28542
201,BTCUSDT-1d-2023-10.csv,1697670000000.0,28318.99,28803.36,28137.02,28717.45,199.52404
202,BTCUSDT-1d-2023-10.csv,1697760000000.0,28718.45,29836.84,28616.92,29659.06,278.35869
203,BTCUSDT-1d-2023-10.csv,1697850000000.0,29659.07,30200.0,29455.3,29904.46,186.32447
204,BTCUSDT-1d-2023-10.csv,1697930000000.0,29904.85,30130.0,29700.0,29992.78,132.86552
205,BTCUSDT-1d-2023-10.csv,1698020000000.0,29992.78,33425.56,29875.5,32915.0,503.45501
206,BTCUSDT-1d-2023-10.csv,1698110000000.0,32915.0,35100.0,32846.23,33932.19,625.25892
207,BTCUSDT-1d-2023-10.csv,1698190000000.0,33932.22,35000.0,33670.98,34520.97,344.09174
208,BTCUSDT-1d-2023-10.csv,1698280000000.0,34520.97,34803.48,33762.93,34157.97,302.09876
209,BTCUSDT-1d-2023-10.csv,1698360000000.0,34174.04,34248.27,33201.35,33870.0,193.98987
210,BTCUSDT-1d-2023-10.csv,1698450000000.0,33870.0,34314.9,33818.82,34097.09,85.94278
211,BTCUSDT-1d-2023-10.csv,1698540000000.0,34095.3,34717.13,33936.34,34522.08,138.24133
212,BTCUSDT-1d-2023-10.csv,1698620000000.0,34531.64,34873.66,34052.33,34481.52,235.60469
213,BTCUSDT-1d-2023-10.csv,1698710000000.0,34481.52,34635.0,34064.94,34627.47,179.45831
214,BTCUSDT-1d-2023-11.csv,1698800000000.0,34627.2,35496.2,34100.0,35400.13,370.11502
215,BTCUSDT-1d-2023-11.csv,1698880000000.0,35427.62,35954.99,34555.0,34942.95,328.43787
216,BTCUSDT-1d-2023-11.csv,1698970000000.0,34945.31,34947.97,34121.79,34720.25,215.27124
217,BTCUSDT-1d-2023-11.csv,1699060000000.0,34707.48,35211.47,34588.28,35048.07,104.6704
218,BTCUSDT-1d-2023-11.csv,1699140000000.0,35038.73,35377.11,34600.0,35024.18,154.72625
219,BTCUSDT-1d-2023-11.csv,1699230000000.0,35007.74,35278.0,34735.93,35042.52,227.77083
220,BTCUSDT-1d-2023-11.csv,1699320000000.0,35040.08,35700.0,34524.98,35385.6,287.00925
221,BTCUSDT-1d-2023-11.csv,1699400000000.0,35405.58,35947.0,35103.03,35628.94,287.54097
222,BTCUSDT-1d-2023-11.csv,1699490000000.0,35628.93,37974.85,35550.0,36680.47,646.32063
223,BTCUSDT-1d-2023-11.csv,1699570000000.0,36701.93,37450.0,36400.01,37295.58,296.49994
224,BTCUSDT-1d-2023-11.csv,1699660000000.0,37278.23,37387.0,36728.06,37143.52,181.84587
225,BTCUSDT-1d-2023-11.csv,1699750000000.0,37140.0,37199.0,36760.0,37085.2,105.9848
226,BTCUSDT-1d-2023-11.csv,1699830000000.0,37085.19,37399.0,36193.3,36466.15,257.17992
227,BTCUSDT-1d-2023-11.csv,1699920000000.0,36465.6,36744.96,35200.0,35557.53,296.88478
228,BTCUSDT-1d-2023-11.csv,1700010000000.0,35550.0,37850.0,35378.95,37846.08,321.64399
229,BTCUSDT-1d-2023-11.csv,1700090000000.0,37846.09,37850.0,35505.64,36209.38,355.45139
230,BTCUSDT-1d-2023-11.csv,1700180000000.0,36197.88,36699.0,35868.57,36566.73,255.38624
231,BTCUSDT-1d-2023-11.csv,1700270000000.0,36566.73,36765.65,36192.87,36568.81,98.56694
232,BTCUSDT-1d-2023-11.csv,1700350000000.0,36570.01,37429.55,36391.47,37352.05,181.97825
233,BTCUSDT-1d-2023-11.csv,1700440000000.0,37357.64,37696.51,36704.26,37400.0,268.74155
234,BTCUSDT-1d-2023-11.csv,1700520000000.0,37400.01,37575.51,35755.0,35780.49,376.67386
235,BTCUSDT-1d-2023-11.csv,1700610000000.0,35755.01,37740.0,35735.33,37360.0,367.60566
236,BTCUSDT-1d-2023-11.csv,1700700000000.0,37365.11,37649.99,36886.88,37290.14,171.55226
237,BTCUSDT-1d-2023-11.csv,1700780000000.0,37302.01,38404.2,37254.54,37716.86,285.51062
238,BTCUSDT-1d-2023-11.csv,1700870000000.0,37725.01,37888.0,37593.67,37794.42,81.81006
239,BTCUSDT-1d-2023-11.csv,1700960000000.0,37777.01,37821.55,37181.0,37450.0,138.10811
240,BTCUSDT-1d-2023-11.csv,1701040000000.0,37450.0,37557.77,36720.09,37237.52,165.29516
241,BTCUSDT-1d-2023-11.csv,1701130000000.0,37251.95,38222.0,36875.0,37823.4,260.66305
242,BTCUSDT-1d-2023-11.csv,1701220000000.0,37824.52,38432.91,37575.0,37861.76,224.76946
243,BTCUSDT-1d-2023-11.csv,1701300000000.0,37845.94,38141.87,37509.01,37730.97,185.0633
244,BTCUSDT-1d-2023-12.csv,1701390000000.0,37730.95,38976.67,37611.02,38688.5,305.46832
245,BTCUSDT-1d-2023-12.csv,1701480000000.0,38686.64,39699.95,38639.15,39453.91,167.97752
246,BTCUSDT-1d-2023-12.csv,1701560000000.0,39471.72,40179.82,39277.33,40020.0,215.89243
247,BTCUSDT-1d-2023-12.csv,1701650000000.0,40019.99,42399.12,40000.0,41998.28,528.09176
248,BTCUSDT-1d-2023-12.csv,1701730000000.0,41980.02,44482.83,41420.69,44151.45,476.49982
249,BTCUSDT-1d-2023-12.csv,1701820000000.0,44153.06,44278.84,43382.42,43779.58,327.97515
250,BTCUSDT-1d-2023-12.csv,1701910000000.0,43779.59,44038.08,42961.77,43283.59,257.92184
251,BTCUSDT-1d-2023-12.csv,1701990000000.0,43284.97,44700.01,43082.72,44178.56,271.66113
252,BTCUSDT-1d-2023-12.csv,1702080000000.0,44154.13,44348.86,43600.32,43701.86,130.27304
253,BTCUSDT-1d-2023-12.csv,1702170000000.0,43727.71,44024.18,43600.02,43788.74,108.3228
254,BTCUSDT-1d-2023-12.csv,1702250000000.0,43777.37,43820.0,40232.18,41237.41,349.01806
255,BTCUSDT-1d-2023-12.csv,1702340000000.0,41237.41,42100.0,40679.77,41465.48,246.18935
256,BTCUSDT-1d-2023-12.csv,1702430000000.0,41494.58,43440.76,40647.38,42878.34,261.76573
257,BTCUSDT-1d-2023-12.csv,1702510000000.0,42890.31,43411.81,41503.81,43031.93,245.7777
258,BTCUSDT-1d-2023-12.csv,1702600000000.0,43021.33,43081.95,41684.56,41932.39,162.94656
259,BTCUSDT-1d-2023-12.csv,1702680000000.0,41938.42,42699.99,41624.6,42258.78,95.56071
260,BTCUSDT-1d-2023-12.csv,1702770000000.0,42258.94,42407.93,41281.8,41368.43,91.01864
261,BTCUSDT-1d-2023-12.csv,1702860000000.0,41401.53,42707.71,40533.7,42628.76,198.62958
262,BTCUSDT-1d-2023-12.csv,1702940000000.0,42640.13,43268.11,41818.34,42270.46,205.44794
263,BTCUSDT-1d-2023-12.csv,1703030000000.0,42285.38,44266.37,42207.14,43676.0,280.8664
264,BTCUSDT-1d-2023-12.csv,1703120000000.0,43661.78,44230.0,43303.88,43854.69,240.3177
265,BTCUSDT-1d-2023-12.csv,1703200000000.0,43854.09,44250.0,43468.86,43961.99,216.33361
266,BTCUSDT-1d-2023-12.csv,1703290000000.0,43936.56,43985.0,43316.8,43700.1,122.84694
267,BTCUSDT-1d-2023-12.csv,1703380000000.0,43700.12,43928.28,42820.95,42991.17,199.04718
268,BTCUSDT-1d-2023-12.csv,1703460000000.0,42965.64,43739.17,42759.01,43607.38,135.29789
269,BTCUSDT-1d-2023-12.csv,1703550000000.0,43583.07,43605.95,41788.0,42526.37,165.30277
270,BTCUSDT-1d-2023-12.csv,1703640000000.0,42505.16,43657.61,42126.6,43410.09,177.57394
271,BTCUSDT-1d-2023-12.csv,1703720000000.0,43434.54,43723.42,42320.0,42601.54,168.15707
272,BTCUSDT-1d-2023-12.csv,1703810000000.0,42601.54,43098.35,41296.35,42085.42,228.6485
273,BTCUSDT-1d-2023-12.csv,1703890000000.0,42085.36,42598.22,41516.66,42138.01,146.52109
274,BTCUSDT-1d-2023-12.csv,1703980000000.0,42163.09,42858.4,42007.52,42255.16,151.28184
275,BTCUSDT-1d-2024-01.csv,1704070000000.0,42278.79,44000.0,42212.0,43999.99,177.52851
276,BTCUSDT-1d-2024-01.csv,1704150000000.0,43998.83,45889.62,43961.25,44953.74,399.57179
277,BTCUSDT-1d-2024-01.csv,1704240000000.0,44931.83,45489.66,42045.02,42823.2,399.85334
278,BTCUSDT-1d-2024-01.csv,1704330000000.0,42860.53,44689.98,42620.55,44146.81,288.38869
279,BTCUSDT-1d-2024-01.csv,1704410000000.0,44128.34,44294.62,43093.58,44167.0,275.43134
280,BTCUSDT-1d-2024-01.csv,1704500000000.0,44167.0,44230.08,43394.97,43952.87,161.57234
281,BTCUSDT-1d-2024-01.csv,1704590000000.0,43980.6,44454.29,43660.0,43896.76,163.65028
282,BTCUSDT-1d-2024-01.csv,1704670000000.0,43898.58,47110.0,43289.84,46901.44,427.12735
283,BTCUSDT-1d-2024-01.csv,1704760000000.0,46905.47,47500.0,45416.18,46186.0,361.08977
284,BTCUSDT-1d-2024-01.csv,1704840000000.0,46186.0,47650.5,44831.18,46665.7,447.5733
285,BTCUSDT-1d-2024-01.csv,1704930000000.0,46665.7,48400.0,45687.06,46367.61,401.74124
286,BTCUSDT-1d-2024-01.csv,1705020000000.0,46367.49,46508.24,41844.35,42789.35,372.20396
287,BTCUSDT-1d-2024-01.csv,1705100000000.0,42848.66,43264.02,42443.05,42815.6,203.9168
288,BTCUSDT-1d-2024-01.csv,1705190000000.0,42822.46,43025.69,41700.01,41700.01,214.7634
289,BTCUSDT-1d-2024-01.csv,1705280000000.0,41735.63,43320.8,41636.2,42532.82,168.67596
290,BTCUSDT-1d-2024-01.csv,1705360000000.0,42533.07,43554.13,42031.6,43125.41,194.36454
291,BTCUSDT-1d-2024-01.csv,1705450000000.0,43162.69,43189.3,42218.33,42788.24,139.19491
292,BTCUSDT-1d-2024-01.csv,1705540000000.0,42774.14,42944.6,40612.2,41323.0,283.46178
293,BTCUSDT-1d-2024-01.csv,1705620000000.0,41323.0,42311.5,40308.53,41694.1,239.22309
294,BTCUSDT-1d-2024-01.csv,1705710000000.0,41694.7,41859.17,41460.0,41766.8,75.6808
295,BTCUSDT-1d-2024-01.csv,1705800000000.0,41742.0,41876.92,41528.23,41572.24,83.47213
296,BTCUSDT-1d-2024-01.csv,1705880000000.0,41572.61,41733.1,39441.54,39553.71,275.10441
297,BTCUSDT-1d-2024-01.csv,1705970000000.0,39553.71,40164.61,38570.59,39885.18,200.04517
298,BTCUSDT-1d-2024-01.csv,1706050000000.0,39870.49,40554.88,39380.27,40080.86,91.52764
299,BTCUSDT-1d-2024-01.csv,1706140000000.0,40069.86,40290.0,39523.69,39930.97,54.37907
300,BTCUSDT-1d-2024-01.csv,1706230000000.0,39930.97,42193.81,39831.89,41800.02,128.57511
301,BTCUSDT-1d-2024-01.csv,1706310000000.0,41801.23,42159.36,41413.79,42103.0,34.86381
302,BTCUSDT-1d-2024-01.csv,1706400000000.0,42108.15,42814.07,41655.39,42063.04,61.59193
303,BTCUSDT-1d-2024-01.csv,1706490000000.0,42033.94,43299.99,41843.97,43275.97,85.82408
304,BTCUSDT-1d-2024-01.csv,1706570000000.0,43283.97,43800.0,42706.06,42983.77,70.5723
305,BTCUSDT-1d-2024-01.csv,1706660000000.0,42969.43,43726.57,42075.0,42600.0,96.28622
306,BTCUSDT-1d-2024-02.csv,1706750000000.0,42570.25,43271.42,41911.49,43085.14,111.87772
307,BTCUSDT-1d-2024-02.csv,1706830000000.0,43087.86,43458.22,42588.68,43198.29,58.97192
308,BTCUSDT-1d-2024-02.csv,1706920000000.0,43198.3,43379.36,42900.0,42975.14,30.91661
309,BTCUSDT-1d-2024-02.csv,1707000000000.0,43024.81,43100.0,42378.54,42571.73,35.87544
310,BTCUSDT-1d-2024-02.csv,1707090000000.0,42585.03,43537.69,42338.39,42701.18,71.02396
311,BTCUSDT-1d-2024-02.csv,1707180000000.0,42726.18,43370.33,42571.28,43106.39,60.21508
312,BTCUSDT-1d-2024-02.csv,1707260000000.0,43114.3,44352.0,42789.07,44346.1,93.23569
313,BTCUSDT-1d-2024-02.csv,1707350000000.0,44320.3,45577.35,44320.3,45313.39,75.7232
314,BTCUSDT-1d-2024-02.csv,1707440000000.0,45313.16,48088.7,45257.34,47091.85,158.19887
315,BTCUSDT-1d-2024-02.csv,1707520000000.0,47091.87,48117.77,46875.94,47775.49,40.9223
316,BTCUSDT-1d-2024-02.csv,1707610000000.0,47770.0,48510.59,47601.14,48247.73,73.81687
317,BTCUSDT-1d-2024-02.csv,1707700000000.0,48248.36,50246.21,47734.4,49947.62,149.5244
318,BTCUSDT-1d-2024-02.csv,1707780000000.0,49931.8,50322.0,48204.6,49738.87,130.99965
319,BTCUSDT-1d-2024-02.csv,1707870000000.0,49698.02,52000.0,49338.0,51759.58,145.89177
320,BTCUSDT-1d-2024-02.csv,1707960000000.0,51768.04,52793.0,51340.3,51901.75,131.6589
321,BTCUSDT-1d-2024-02.csv,1708040000000.0,51855.33,52523.16,51600.0,52132.09,89.73123
322,BTCUSDT-1d-2024-02.csv,1708130000000.0,52151.67,52181.21,50645.33,51670.97,53.57423
323,BTCUSDT-1d-2024-02.csv,1708210000000.0,51644.37,52300.08,51191.46,52120.0,38.28548
324,BTCUSDT-1d-2024-02.csv,1708300000000.0,52120.0,52427.44,51700.0,51751.84,54.94769
325,BTCUSDT-1d-2024-02.csv,1708390000000.0,51751.95,52850.0,50779.54,52250.08,101.21539
326,BTCUSDT-1d-2024-02.csv,1708470000000.0,52285.22,52361.01,50653.13,51821.06,65.06172
327,BTCUSDT-1d-2024-02.csv,1708560000000.0,51865.96,52018.79,50977.67,51348.64,58.81362
328,BTCUSDT-1d-2024-02.csv,1708650000000.0,51317.14,51521.02,50551.87,50754.22,45.59659
329,BTCUSDT-1d-2024-02.csv,1708730000000.0,50728.34,51664.32,50601.49,51562.84,36.00047
330,BTCUSDT-1d-2024-02.csv,1708820000000.0,51562.27,51903.0,51324.56,51745.0,39.84299
331,BTCUSDT-1d-2024-02.csv,1708910000000.0,51745.0,54834.17,50930.04,54489.99,140.43632
332,BTCUSDT-1d-2024-02.csv,1708990000000.0,54447.09,57500.0,54447.03,57067.0,184.35812
333,BTCUSDT-1d-2024-02.csv,1709080000000.0,57067.0,63583.26,56719.85,62413.39,366.34648
334,BTCUSDT-1d-2024-02.csv,1709160000000.0,62495.88,63500.0,60409.17,61125.22,191.13411
335,BTCUSDT-1d-2024-03.csv,1709250000000.0,61188.91,62817.48,60755.0,62394.58,88.17028
336,BTCUSDT-1d-2024-03.csv,1709340000000.0,62412.48,62434.25,61550.0,62006.35,64.96801
337,BTCUSDT-1d-2024-03.csv,1709420000000.0,62006.33,63154.47,61365.23,63068.89,55.23981
338,BTCUSDT-1d-2024-03.csv,1709510000000.0,63068.89,68309.21,62425.78,68152.44,191.47634
339,BTCUSDT-1d-2024-03.csv,1709600000000.0,68049.92,68965.91,58618.0,63830.27,320.09433
340,BTCUSDT-1d-2024-03.csv,1709680000000.0,63830.11,67573.8,62800.0,66193.8,140.72554
341,BTCUSDT-1d-2024-03.csv,1709770000000.0,66193.8,67901.14,65700.01,66845.27,99.20372
342,BTCUSDT-1d-2024-03.csv,1709860000000.0,66845.0,69845.0,66125.3,68163.76,179.931114
343,BTCUSDT-1d-2024-03.csv,1709940000000.0,68152.22,68539.44,67400.0,68309.0,44.41091
344,BTCUSDT-1d-2024-03.csv,1710030000000.0,68351.49,69999.0,68150.0,68978.46,101.72577
345,BTCUSDT-1d-2024-03.csv,1710120000000.0,68919.36,72754.15,67800.0,72115.58,164.64562
346,BTCUSDT-1d-2024-03.csv,1710200000000.0,72119.15,72945.19,69008.63,71420.43,116.84886
347,BTCUSDT-1d-2024-03.csv,1710290000000.0,71469.96,73559.04,71355.77,73020.03,103.44826
348,BTCUSDT-1d-2024-03.csv,1710370000000.0,73108.44,73779.26,68992.81,71389.23,146.54703
349,BTCUSDT-1d-2024-03.csv,1710460000000.0,71405.0,72387.23,66037.11,69506.22,190.19712
350,BTCUSDT-1d-2024-03.csv,1710550000000.0,69519.3,70000.9,64700.0,65354.59,79.27654
351,BTCUSDT-1d-2024-03.csv,1710630000000.0,65269.94,68850.85,64572.53,68397.9,80.34426
352,BTCUSDT-1d-2024-03.csv,1710720000000.0,68397.89,68868.58,66585.49,67562.87,61.92561
353,BTCUSDT-1d-2024-03.csv,1710810000000.0,67562.87,68000.0,61587.35,62057.44,210.30809
354,BTCUSDT-1d-2024-03.csv,1710890000000.0,61920.49,67957.59,60802.51,67630.03,151.49905
355,BTCUSDT-1d-2024-03.csv,1710980000000.0,67719.39,68045.52,64605.53,65513.13,56.10592
356,BTCUSDT-1d-2024-03.csv,1711070000000.0,65448.72,66535.65,62339.49,63811.92,71.36894
357,BTCUSDT-1d-2024-03.csv,1711150000000.0,63811.05,65961.38,63063.08,64041.82,52.1354
358,BTCUSDT-1d-2024-03.csv,1711240000000.0,64041.73,67439.74,63815.35,67173.0,39.91476
359,BTCUSDT-1d-2024-03.csv,1711320000000.0,67180.4,71043.93,66306.57,69853.45,123.64859
360,BTCUSDT-1d-2024-03.csv,1711410000000.0,69868.6,71365.19,69324.13,69983.99,56.22012
361,BTCUSDT-1d-2024-03.csv,1711500000000.0,69948.59,71668.99,68303.6,69437.7,69.5824
362,BTCUSDT-1d-2024-03.csv,1711580000000.0,69482.38,71500.0,68938.4,70811.57,65.02468
363,BTCUSDT-1d-2024-03.csv,1711670000000.0,70811.47,70904.9,69085.8,69849.99,48.95289
364,BTCUSDT-1d-2024-03.csv,1711760000000.0,69849.99,70330.65,69650.0,69763.07,26.40171
365,BTCUSDT-1d-2024-03.csv,1711840000000.0,69762.99,71322.88,69692.29,71319.74,33.97613
366,BTCUSDT-1d-2024-04.csv,1711930000000.0,71322.38,71322.38,68084.93,69700.0,69.46532
367,BTCUSDT-1d-2024-04.csv,1712020000000.0,69700.0,69725.94,64624.75,65473.99,128.46354
368,BTCUSDT-1d-2024-04.csv,1712100000000.0,65473.47,67066.37,64555.01,66008.96,59.05627
369,BTCUSDT-1d-2024-04.csv,1712190000000.0,66008.96,69262.19,65211.51,68369.41,49.24852
370,BTCUSDT-1d-2024-04.csv,1712280000000.0,68451.28,68592.02,65956.51,67829.31,62.72157
371,BTCUSDT-1d-2024-04.csv,1712360000000.0,67829.31,69486.6,67438.27,68828.93,12.83182
372,BTCUSDT-1d-2024-04.csv,1712450000000.0,68892.99,70107.94,68670.0,69335.89,31.61533
373,BTCUSDT-1d-2024-04.csv,1712530000000.0,69255.01,72740.2,69098.78,71640.11,94.24361
374,BTCUSDT-1d-2024-04.csv,1712620000000.0,71640.01,71701.0,68249.89,69173.8,79.70466
375,BTCUSDT-1d-2024-04.csv,1712710000000.0,69173.55,70900.0,67555.36,70555.79,69.9965
376,BTCUSDT-1d-2024-04.csv,1712790000000.0,70555.79,71235.97,69602.4,70056.0,36.15518
377,BTCUSDT-1d-2024-04.csv,1712880000000.0,70073.46,71199.0,66000.0,67183.85,89.87685
378,BTCUSDT-1d-2024-04.csv,1712970000000.0,67239.0,68001.1,61723.97,63947.01,133.69929
379,BTCUSDT-1d-2024-04.csv,1713050000000.0,63920.15,66000.0,62005.6,65780.16,56.44785
380,BTCUSDT-1d-2024-04.csv,1713140000000.0,65826.97,66824.65,62372.92,63449.83,67.84581
381,BTCUSDT-1d-2024-04.csv,1713230000000.0,63380.58,64884.8,61503.38,63859.29,91.65388
382,BTCUSDT-1d-2024-04.csv,1713310000000.0,63806.0,64473.13,59723.94,61289.21,93.613
383,BTCUSDT-1d-2024-04.csv,1713400000000.0,61350.59,64087.97,60854.6,63463.3,42.54642
384,BTCUSDT-1d-2024-04.csv,1713480000000.0,63447.69,65472.48,59631.64,63843.37,108.08397
385,BTCUSDT-1d-2024-04.csv,1713570000000.0,63842.42,65400.0,63106.21,64930.63,62.15612
386,BTCUSDT-1d-2024-04.csv,1713660000000.0,64975.22,65662.76,64245.48,64957.64,21.66664
387,BTCUSDT-1d-2024-04.csv,1713740000000.0,64957.64,67176.25,64543.51,66850.0,38.85241
388,BTCUSDT-1d-2024-04.csv,1713830000000.0,66867.85,67164.66,65815.98,66399.99,28.01835
389,BTCUSDT-1d-2024-04.csv,1713920000000.0,66374.04,66980.0,63777.57,64278.95,45.99513
390,BTCUSDT-1d-2024-04.csv,1714000000000.0,64325.42,65240.53,62825.96,64500.0,34.76707
391,BTCUSDT-1d-2024-04.csv,1714090000000.0,64506.07,64777.0,63359.86,63801.92,25.35186
392,BTCUSDT-1d-2024-04.csv,1714180000000.0,63758.97,63859.71,62500.0,63460.73,26.27522
393,BTCUSDT-1d-2024-04.csv,1714260000000.0,63471.29,64334.12,62825.96,63137.36,15.36399
394,BTCUSDT-1d-2024-04.csv,1714350000000.0,63137.36,64190.71,61813.19,63817.61,24.30825
395,BTCUSDT-1d-2024-04.csv,1714440000000.0,63860.73,64690.43,59274.0,60698.63,64.65473
396,BTCUSDT-1d-2024-05.csv,1714520000000.0,60698.5,60829.26,56603.15,58361.6,106.99634
397,BTCUSDT-1d-2024-05.csv,1714610000000.0,58431.16,59588.23,57027.31,59102.52,45.63249
398,BTCUSDT-1d-2024-05.csv,1714690000000.0,59102.36,63323.7,58808.71,62849.56,69.08544
399,BTCUSDT-1d-2024-05.csv,1714780000000.0,62839.79,64441.95,62557.84,63800.39,42.81561
400,BTCUSDT-1d-2024-05.csv,1714870000000.0,63800.39,64600.0,62910.37,64021.14,21.25451
401,BTCUSDT-1d-2024-05.csv,1714950000000.0,63994.76,65460.03,62754.3,63154.41,44.71543
402,BTCUSDT-1d-2024-05.csv,1715040000000.0,63176.2,64364.22,62297.02,62358.78,34.19785
403,BTCUSDT-1d-2024-05.csv,1715130000000.0,62300.0,62994.04,60909.72,61193.08,30.54245
404,BTCUSDT-1d-2024-05.csv,1715210000000.0,61162.31,63399.95,60660.39,63061.0,43.21448
405,BTCUSDT-1d-2024-05.csv,1715300000000.0,63061.0,63429.74,60250.0,60935.38,53.54052
406,BTCUSDT-1d-2024-05.csv,1715390000000.0,60937.79,61508.16,60734.04,60839.82,15.38899
407,BTCUSDT-1d-2024-05.csv,1715470000000.0,60840.0,61832.14,60608.27,61493.88,12.93185
408,BTCUSDT-1d-2024-05.csv,1715560000000.0,61444.29,63408.18,60728.58,62876.81,42.42313
409,BTCUSDT-1d-2024-05.csv,1715640000000.0,62908.08,63112.14,61184.61,61620.22,24.76124
410,BTCUSDT-1d-2024-05.csv,1715730000000.0,61565.2,66398.81,61375.04,66232.38,72.26446
411,BTCUSDT-1d-2024-05.csv,1715820000000.0,66232.33,66729.32,64634.2,65245.85,39.77427
412,BTCUSDT-1d-2024-05.csv,1715900000000.0,65250.0,67389.15,65150.0,66965.81,40.13447
413,BTCUSDT-1d-2024-05.csv,1715990000000.0,67012.39,67372.02,66581.57,66947.59,16.32194
414,BTCUSDT-1d-2024-05.csv,1716080000000.0,66947.63,67690.22,66000.0,66356.97,26.566
415,BTCUSDT-1d-2024-05.csv,1716160000000.0,66292.85,71477.11,66150.0,71400.0,91.92934
416,BTCUSDT-1d-2024-05.csv,1716250000000.0,71305.57,71700.0,69241.85,70173.59,67.53635
417,BTCUSDT-1d-2024-05.csv,1716340000000.0,70173.59,70623.97,69042.5,69156.68,50.94181
418,BTCUSDT-1d-2024-05.csv,1716420000000.0,69169.68,70066.97,66500.0,67900.07,46.42399
419,BTCUSDT-1d-2024-05.csv,1716510000000.0,67900.76,69213.34,66671.51,68497.47,28.06156
420,BTCUSDT-1d-2024-05.csv,1716600000000.0,68497.47,69540.18,68459.44,69244.29,17.27617
421,BTCUSDT-1d-2024-05.csv,1716680000000.0,69200.12,69458.8,68197.05,68555.48,10.736
422,BTCUSDT-1d-2024-05.csv,1716770000000.0,68472.93,70622.67,68290.22,69438.5,34.95117
423,BTCUSDT-1d-2024-05.csv,1716850000000.0,69438.5,69540.49,67325.27,68340.67,43.23248
424,BTCUSDT-1d-2024-05.csv,1716940000000.0,68436.0,68900.0,67183.87,67621.67,21.33966
425,BTCUSDT-1d-2024-05.csv,1717030000000.0,67622.12,69441.91,67146.37,68430.55,27.63761
426,BTCUSDT-1d-2024-05.csv,1717110000000.0,68401.58,69006.22,66716.79,67570.0,27.15424
427,BTCUSDT-1d-2024-06.csv,1717200000000.0,67570.0,67901.14,67484.71,67858.33,6.24416
428,BTCUSDT-1d-2024-06.csv,1717290000000.0,67886.74,68433.48,67326.97,67820.77,16.77767
429,BTCUSDT-1d-2024-06.csv,1717370000000.0,67756.81,70000.0,67610.13,68824.27,35.76605
430,BTCUSDT-1d-2024-06.csv,1717460000000.0,68819.57,70995.67,68606.12,70559.07,49.81152
431,BTCUSDT-1d-2024-06.csv,1717550000000.0,70559.07,71738.37,70415.5,71111.73,42.77013
432,BTCUSDT-1d-2024-06.csv,1717630000000.0,71111.73,71641.02,70300.0,70840.76,29.21083
433,BTCUSDT-1d-2024-06.csv,1717720000000.0,70840.72,71949.57,68745.63,69376.8,50.74441
434,BTCUSDT-1d-2024-06.csv,1717800000000.0,69376.79,69590.0,69218.5,69347.3,10.19391
435,BTCUSDT-1d-2024-06.csv,1717890000000.0,69347.22,69827.75,69150.0,69669.98,9.52287
436,BTCUSDT-1d-2024-06.csv,1717980000000.0,69683.21,70154.98,69216.2,69510.12,12.14298
437,BTCUSDT-1d-2024-06.csv,1718060000000.0,69510.12,69582.24,66200.0,67391.67,48.75257
438,BTCUSDT-1d-2024-06.csv,1718150000000.0,67389.28,69966.62,66937.42,68215.5,36.99969
439,BTCUSDT-1d-2024-06.csv,1718240000000.0,68301.58,68418.43,66330.4,66774.83,23.53756
440,BTCUSDT-1d-2024-06.csv,1718320000000.0,66835.51,67435.89,65255.3,66034.15,36.45807
441,BTCUSDT-1d-2024-06.csv,1718410000000.0,66085.52,66511.7,65988.18,66249.99,10.10723
442,BTCUSDT-1d-2024-06.csv,1718500000000.0,66249.99,67037.9,66162.51,66751.55,5.54632
443,BTCUSDT-1d-2024-06.csv,1718580000000.0,66770.0,67237.97,65172.06,66494.54,23.89673
444,BTCUSDT-1d-2024-06.csv,1718670000000.0,66540.94,66612.74,64141.52,65219.9,45.99829
445,BTCUSDT-1d-2024-06.csv,1718760000000.0,65150.58,65692.38,64699.19,64943.29,19.09267
446,BTCUSDT-1d-2024-06.csv,1718840000000.0,65012.33,66466.98,64378.72,64902.5,20.9434
447,BTCUSDT-1d-2024-06.csv,1718930000000.0,64902.17,65034.99,63450.0,64111.49,16.46088
448,BTCUSDT-1d-2024-06.csv,1719010000000.0,64167.44,64511.67,63944.8,64298.52,5.14808
449,BTCUSDT-1d-2024-06.csv,1719100000000.0,64294.93,64500.0,63212.76,63216.34,8.13666
450,BTCUSDT-1d-2024-06.csv,1719190000000.0,63216.36,63367.35,58888.0,60374.12,56.60208
451,BTCUSDT-1d-2024-06.csv,1719270000000.0,60451.79,62412.57,60304.74,61814.43,25.63569
452,BTCUSDT-1d-2024-06.csv,1719360000000.0,61824.25,62466.34,60743.33,60870.07,18.09068
453,BTCUSDT-1d-2024-06.csv,1719450000000.0,60877.93,62409.2,60639.65,61665.0,21.21367
454,BTCUSDT-1d-2024-06.csv,1719530000000.0,61686.71,62173.95,59972.2,60455.65,27.87772
455,BTCUSDT-1d-2024-06.csv,1719620000000.0,60455.65,61217.95,60405.17,60947.08,10.04502
456,BTCUSDT-1d-2024-06.csv,1719710000000.0,61013.63,63026.49,60705.86,62840.74,12.78231
457,BTCUSDT-1d-2024-07.csv,1719790000000.0,62801.81,63834.03,62565.55,62919.99,18.39645
458,BTCUSDT-1d-2024-07.csv,1719880000000.0,62918.83,63295.53,61842.24,62129.19,14.82248
459,BTCUSDT-1d-2024-07.csv,1719960000000.0,62129.2,62290.71,59436.56,60250.0,26.65425
460,BTCUSDT-1d-2024-07.csv,1720050000000.0,60193.75,60459.21,56822.23,56926.92,55.19832
461,BTCUSDT-1d-2024-07.csv,1720140000000.0,57087.12,57518.68,53917.17,56721.54,53.02205
462,BTCUSDT-1d-2024-07.csv,1720220000000.0,56685.06,58448.26,56052.4,58309.13,20.21332
463,BTCUSDT-1d-2024-07.csv,1720310000000.0,58309.13,58400.45,55723.17,55855.27,22.8782
464,BTCUSDT-1d-2024-07.csv,1720400000000.0,55905.14,58177.64,54300.0,56682.21,46.44439
465,BTCUSDT-1d-2024-07.csv,1720480000000.0,56668.01,58251.51,56315.84,57969.12,24.24379
466,BTCUSDT-1d-2024-07.csv,1720570000000.0,58009.17,59408.63,57158.9,57741.79,19.75977
467,BTCUSDT-1d-2024-07.csv,1720660000000.0,57703.97,59528.48,57088.66,57396.65,20.98434
468,BTCUSDT-1d-2024-07.csv,1720740000000.0,57342.63,58500.0,56564.44,57844.34,18.43678
469,BTCUSDT-1d-2024-07.csv,1720830000000.0,57842.81,59686.95,57736.05,59238.96,28.84589
470,BTCUSDT-1d-2024-07.csv,1720920000000.0,59163.51,61401.55,59152.0,60815.46,31.85256
471,BTCUSDT-1d-2024-07.csv,1721000000000.0,60827.48,64709.17,60670.87,64588.45,52.84988
472,BTCUSDT-1d-2024-07.csv,1721090000000.0,64682.7,65200.0,62415.87,65029.3,51.57905
473,BTCUSDT-1d-2024-07.csv,1721170000000.0,65029.3,66068.12,63858.89,64130.63,36.60072
474,BTCUSDT-1d-2024-07.csv,1721260000000.0,64129.49,65090.74,63263.5,63997.25,27.67695
475,BTCUSDT-1d-2024-07.csv,1721350000000.0,63997.25,67351.47,63328.54,66659.4,45.16358
476,BTCUSDT-1d-2024-07.csv,1721430000000.0,66667.7,67569.0,66200.0,67144.31,26.17116
477,BTCUSDT-1d-2024-07.csv,1721520000000.0,67160.61,68203.04,65853.47,68011.05,24.18536
478,BTCUSDT-1d-2024-07.csv,1721610000000.0,68011.06,68323.68,66604.33,67570.8,33.71691
479,BTCUSDT-1d-2024-07.csv,1721690000000.0,67535.69,67716.39,65483.4,65910.29,23.64398
480,BTCUSDT-1d-2024-07.csv,1721780000000.0,65911.04,67060.19,65172.05,65394.89,25.14517
481,BTCUSDT-1d-2024-07.csv,1721870000000.0,65350.03,66000.0,63500.0,65716.16,33.26966
482,BTCUSDT-1d-2024-07.csv,1721950000000.0,65782.98,68071.47,65723.84,67849.25,32.19296
483,BTCUSDT-1d-2024-07.csv,1722040000000.0,67849.72,69357.98,66438.0,67869.19,48.26847
484,BTCUSDT-1d-2024-07.csv,1722120000000.0,67831.5,68308.05,67279.97,68260.41,11.83829
485,BTCUSDT-1d-2024-07.csv,1722210000000.0,68261.03,69900.0,66806.98,66822.0,47.63319
486,BTCUSDT-1d-2024-07.csv,1722300000000.0,66808.93,66985.55,65529.57,66290.09,24.36048
487,BTCUSDT-1d-2024-07.csv,1722380000000.0,66272.6,66827.02,64556.6,64623.68,25.56616
488,BTCUSDT-1d-2024-08.csv,1722470000000.0,64622.54,65618.51,62500.0,65392.96,42.20251
489,BTCUSDT-1d-2024-08.csv,1722560000000.0,65382.27,65556.01,61368.89,61536.09,58.77316
490,BTCUSDT-1d-2024-08.csv,1722640000000.0,61536.03,62173.95,60000.0,60690.47,47.23268
491,BTCUSDT-1d-2024-08.csv,1722730000000.0,60679.95,61110.2,57597.96,58156.48,44.2601
492,BTCUSDT-1d-2024-08.csv,1722820000000.0,58156.48,58273.41,49633.02,53944.07,188.96567
493,BTCUSDT-1d-2024-08.csv,1722900000000.0,54128.74,57023.03,53928.19,56025.43,54.9445
494,BTCUSDT-1d-2024-08.csv,1722990000000.0,56035.48,57683.48,54556.39,55043.02,56.76048
495,BTCUSDT-1d-2024-08.csv,1723080000000.0,55116.89,62710.86,54720.21,61678.13,81.60039
496,BTCUSDT-1d-2024-08.csv,1723160000000.0,61767.21,61767.21,59646.19,60790.09,51.19567
497,BTCUSDT-1d-2024-08.csv,1723250000000.0,60849.25,61394.58,60265.61,60933.58,11.38469
498,BTCUSDT-1d-2024-08.csv,1723330000000.0,60948.43,61782.35,58390.37,58765.99,34.37578
499,BTCUSDT-1d-2024-08.csv,1723420000000.0,58775.69,60500.0,57695.54,59305.49,31.83581
500,BTCUSDT-1d-2024-08.csv,1723510000000.0,59405.26,61450.0,58447.75,60580.19,40.52611
501,BTCUSDT-1d-2024-08.csv,1723590000000.0,60587.77,61736.77,58467.73,58652.81,47.40005
502,BTCUSDT-1d-2024-08.csv,1723770000000.0,57646.33,59788.86,57209.13,58915.04,38.69012
503,BTCUSDT-1d-2024-08.csv,1723850000000.0,58915.96,59628.81,58799.53,59480.58,23.30964
504,BTCUSDT-1d-2024-08.csv,1723940000000.0,59492.08,60209.18,58603.3,58720.08,29.15937
505,BTCUSDT-1d-2024-08.csv,1724030000000.0,58698.78,59579.18,58000.0,59479.09,25.5888
506,BTCUSDT-1d-2024-08.csv,1724110000000.0,59500.89,61333.18,58600.0,59170.25,53.40748
507,BTCUSDT-1d-2024-08.csv,1724200000000.0,59169.84,61788.34,58863.68,61191.09,30.03006
508,BTCUSDT-1d-2024-08.csv,1724280000000.0,61190.98,61363.38,59689.26,60421.65,15.81746
509,BTCUSDT-1d-2024-08.csv,1724370000000.0,60421.06,64900.0,60392.57,64020.9,45.76743
510,BTCUSDT-1d-2024-08.csv,1724460000000.0,64012.9,64453.27,63577.35,64114.27,19.7742
511,BTCUSDT-1d-2024-08.csv,1724540000000.0,64117.6,64995.32,63757.54,64250.24,9.2808
512,BTCUSDT-1d-2024-08.csv,1724630000000.0,64264.6,64400.0,62836.95,62840.29,18.22041
513,BTCUSDT-1d-2024-08.csv,1724720000000.0,62840.29,63216.0,58300.0,59558.1,40.6765
514,BTCUSDT-1d-2024-08.csv,1724800000000.0,59527.27,60229.52,57974.92,59083.32,28.54832
515,BTCUSDT-1d-2024-08.csv,1724890000000.0,59082.82,61141.79,58748.88,59365.65,22.52311
516,BTCUSDT-1d-2024-08.csv,1724980000000.0,59365.62,59894.76,57700.01,59093.75,27.28534
517,BTCUSDT-1d-2024-08.csv,1725060000000.0,59138.38,59455.2,58761.61,58975.29,7.78041
518,BTCUSDT-1d-2024-09.csv,1725150000000.0,58975.27,59032.07,57250.0,57362.31,17.64663
519,BTCUSDT-1d-2024-09.csv,1725240000000.0,57410.3,59362.82,57300.0,59137.23,19.57341
520,BTCUSDT-1d-2024-09.csv,1725320000000.0,59137.23,59767.94,57500.0,57500.0,20.78069
521,BTCUSDT-1d-2024-09.csv,1725410000000.0,57540.0,58521.24,55900.1,57949.95,34.03367
522,BTCUSDT-1d-2024-09.csv,1725490000000.0,57950.0,58251.17,55800.0,56144.58,18.05303
523,BTCUSDT-1d-2024-09.csv,1725580000000.0,56205.32,56956.38,52635.18,53944.13,62.77745
524,BTCUSDT-1d-2024-09.csv,1725670000000.0,53985.43,54848.89,53791.6,54137.87,25.9983
525,BTCUSDT-1d-2024-09.csv,1725750000000.0,54171.5,55250.0,53648.37,54810.82,19.8121
526,BTCUSDT-1d-2024-09.csv,1725840000000.0,54877.2,58000.0,54601.32,57036.68,33.65932
527,BTCUSDT-1d-2024-09.csv,1725930000000.0,57007.79,57881.16,56425.6,57668.97,13.46267
528,BTCUSDT-1d-2024-09.csv,1726010000000.0,57596.22,57949.44,55661.03,57497.95,30.64867
529,BTCUSDT-1d-2024-09.csv,1726100000000.0,57497.88,58445.58,57400.57,58067.31,33.72888
530,BTCUSDT-1d-2024-09.csv,1726190000000.0,58067.31,60500.01,57636.86,60433.9,23.79421
531,BTCUSDT-1d-2024-09.csv,1726270000000.0,60442.97,60489.0,59412.0,59999.97,13.87173
532,BTCUSDT-1d-2024-09.csv,1726360000000.0,59951.11,60229.47,58690.41,59114.86,25.59568
533,BTCUSDT-1d-2024-09.csv,1726440000000.0,59082.3,59157.89,57504.72,58274.77,23.78607
534,BTCUSDT-1d-2024-09.csv,1726530000000.0,58260.63,61235.36,57700.0,60223.65,42.68394
535,BTCUSDT-1d-2024-09.csv,1726620000000.0,60230.18,61600.0,59346.61,61480.81,39.53921
536,BTCUSDT-1d-2024-09.csv,1726700000000.0,61480.86,63828.39,61480.83,62852.8,53.11906
537,BTCUSDT-1d-2024-09.csv,1726790000000.0,62855.79,64077.58,62371.32,63163.2,31.95767
538,BTCUSDT-1d-2024-09.csv,1726880000000.0,63163.2,63500.0,62744.21,63410.39,9.73374
539,BTCUSDT-1d-2024-09.csv,1726960000000.0,63355.57,63864.64,62397.92,63599.71,18.77422
540,BTCUSDT-1d-2024-09.csv,1727050000000.0,63600.0,64691.96,62617.72,63300.53,26.74522
541,BTCUSDT-1d-2024-09.csv,1727140000000.0,63311.77,64631.67,62630.6,64257.06,27.57111
542,BTCUSDT-1d-2024-09.csv,1727220000000.0,64287.82,64759.28,62950.77,63154.6,15.07354
543,BTCUSDT-1d-2024-09.csv,1727310000000.0,63154.54,65731.19,62665.45,65051.65,33.80947
544,BTCUSDT-1d-2024-09.csv,1727400000000.0,65122.4,66398.77,64848.0,65785.7,18.55198
545,BTCUSDT-1d-2024-09.csv,1727480000000.0,65785.53,66229.72,65406.86,65908.11,8.96875
546,BTCUSDT-1d-2024-09.csv,1727570000000.0,65906.83,66026.04,65419.19,65670.63,5.99992
547,BTCUSDT-1d-2024-09.csv,1727650000000.0,65571.02,65645.89,62904.0,63291.96,28.97339
548,BTCUSDT-1d-2024-10.csv,1727740000000.0,63292.04,64077.58,60515.92,60999.49,48.54306
549,BTCUSDT-1d-2024-10.csv,1727830000000.0,60974.39,62318.65,60000.0,60630.7,25.06264
550,BTCUSDT-1d-2024-10.csv,1727910000000.0,60731.27,61463.8,59901.67,60742.89,13.86032
551,BTCUSDT-1d-2024-10.csv,1728000000000.0,60797.01,62379.71,60492.87,62042.3,19.36932
552,BTCUSDT-1d-2024-10.csv,1728090000000.0,62042.3,62196.37,61655.7,61983.49,5.92717
553,BTCUSDT-1d-2024-10.csv,1728170000000.0,61983.49,62825.4,61631.9,62807.02,11.08624
554,BTCUSDT-1d-2024-10.csv,1728260000000.0,62757.67,64329.1,62159.31,62209.41,28.75472
555,BTCUSDT-1d-2024-10.csv,1728350000000.0,62209.48,63171.42,61897.0,62195.18,22.16203
556,BTCUSDT-1d-2024-10.csv,1728430000000.0,62194.21,62538.8,60350.0,60601.4,18.01261
557,BTCUSDT-1d-2024-10.csv,1728520000000.0,60681.93,61292.4,58947.8,60240.36,17.44876
558,BTCUSDT-1d-2024-10.csv,1728600000000.0,60241.25,63167.59,60097.95,62335.85,32.24241
559,BTCUSDT-1d-2024-10.csv,1728690000000.0,62335.85,63437.6,62331.34,63138.19,12.2011
560,BTCUSDT-1d-2024-10.csv,1728780000000.0,63170.0,63183.8,62072.94,62857.8,7.34499
561,BTCUSDT-1d-2024-10.csv,1728860000000.0,62797.43,66289.4,62459.21,66022.65,41.97345
562,BTCUSDT-1d-2024-10.csv,1728950000000.0,66111.08,67754.48,64851.43,67050.8,38.56613
563,BTCUSDT-1d-2024-10.csv,1729040000000.0,67073.42,68252.0,66734.78,67602.34,23.27619
564,BTCUSDT-1d-2024-10.csv,1729120000000.0,67602.34,67900.0,66662.69,67438.97,19.75877
565,BTCUSDT-1d-2024-10.csv,1729210000000.0,67438.44,68970.06,67168.89,68367.24,24.48331
566,BTCUSDT-1d-2024-10.csv,1729300000000.0,68367.37,68638.91,68045.52,68325.14,4.71292
567,BTCUSDT-1d-2024-10.csv,1729380000000.0,68313.8,69100.0,68100.01,69029.51,11.78219
568,BTCUSDT-1d-2024-10.csv,1729470000000.0,68929.97,69332.17,66850.0,67157.89,33.20545
569,BTCUSDT-1d-2024-10.csv,1729560000000.0,67067.1,67801.05,66591.64,67317.44,25.76973
570,BTCUSDT-1d-2024-10.csv,1729640000000.0,67443.85,67461.49,65295.86,66669.22,23.35138
571,BTCUSDT-1d-2024-10.csv,1729730000000.0,66741.21,68798.03,66519.63,68214.69,39.35292
572,BTCUSDT-1d-2024-10.csv,1729810000000.0,68123.67,68500.0,65800.0,66575.14,36.16697
573,BTCUSDT-1d-2024-10.csv,1729900000000.0,66575.5,67414.82,66505.42,67148.24,5.82602
574,BTCUSDT-1d-2024-10.csv,1729990000000.0,67085.03,68193.22,66923.38,67900.0,12.82663
575,BTCUSDT-1d-2024-10.csv,1730070000000.0,67900.0,70000.0,67602.81,69903.53,48.18969
576,BTCUSDT-1d-2024-10.csv,1730160000000.0,69721.94,73272.49,69641.89,72671.11,92.31967
577,BTCUSDT-1d-2024-10.csv,1730250000000.0,72645.72,72910.61,71440.71,72475.12,32.53486
578,BTCUSDT-1d-2024-10.csv,1730330000000.0,72472.22,72643.28,69800.0,70395.71,28.09572
